Address,Zip
18815 WIMBLEDON CIR, 33558
3313 W BURKE ST, 33614
6003 ESTELLE AVE, 33534
3110 TOSCANA CIR, 33611
1201 WILLIAMS RD, 33565
2800 E 113TH AVE 2 217, 33612
8108 E 19TH AVE, 33619
2216 E CAYUGA ST, 33610
19012 FERN MEADOW LOOP, 33558
489 FOX RUN TRL, 33572
3380 SPY TOWER CT, 33594
8350 SAVANNAH TRACE CIR 1702, 33615
8807 N GREENWOOD AVE , 33617
1601 N ORANGE ST, 33563
10307 ASHLEY OAKS DR, 33578
7018 PONDEROSA DR, 33637
4950 BAYSHORE BLVD 31, 33611
1703 E WARREN ST, 33563
507 SUMMER SAILS DR, 33594
15618 SHOAL CREEK PL, 33556
5604 CREST HILL DR, 33615
2800 E 113TH AVE 2 213, 33612
8002 CARRIAGE POINTE DR, 33534
3510 AUTUMN GLEN DR, 33596
409 NE 13TH ST, 33570
15119 NIGHTHAWK DR, 33625
18563 KINGBIRD DR, 33558
1510 S MILLER RD, 33594
10618 LOGAN CHASE LN, 33569
817 BLUE HERON BLVD, 33570
7504 MEADOW DR, 33634
3306 W CORDELIA ST, 33607
12630 ADVENTURE DR, 33579
4901 S 80TH ST, 33619
1906 REDMOND BROOK LN, 33570
611 DESTINY DR 605 , 33570
18110 CANAL POINTE ST, 33647
3108 E HENRY AVE, 33610
6806 S 20TH AVE, 33619
8414 N RIVER DUNE ST, 33617
5209 BOGDONOFF DR LOT A, 33584
8048 CANTERBURY LAKE BLVD, 33619
6404 N 23RD ST, 33610
1602 PORTSMOUTH LAKE DR, 33511
12415 TOCCI LN, 33579
15218 OCTAVIA LN, 33556
1807 MILL RUN CIR, 33613
15218 OCTAVIA LN, 33556
3001 S FORBES RD, 33527
6044 FLORA TER, 33572
12217 HIDDEN BROOK DR, 33624
5138 PURITAN CIR 1322, 33617
16936 PEACEFUL VALLEY DR, 33598
3166 VALLEY OAKS DR, 33618
2735 CONCH HOLLOW DR, 33511
14704 WILLET WAY, 33625
6410 COQUINA ISLAND CV, 33572
3110 TOSCANA CIR, 33611
4525 HAMPSHIRE RD, 33634
6010 N 32ND ST, 33610
2941 W BEACH ST, 33607
5519 LEGACY CRESCENT PL 104, 33578
2909 E 19TH AVE, 33605
2418 S RAMONA CIR, 33612
12062 STONE CROSSING CIR, 33635
6845 N DALE MABRY HWY, 33614
641 ALLEGHENY DR, 33573
19707 WYNDMILL CIR, 33556
10023 CRESTED FRINGE DR, 33578
6709 LAKE CAMDEN WAY, 33534
